{"cameraMode":{"drawMode":0,"name":"Shaded","section":"Shading Mode"},"sceneLighting":true,"audioPlay":false,"sceneViewState":{"showFog":true,"showMaterialUpdate":false,"showSkybox":true,"showFlares":true,"showImageEffects":true,"showParticleSystems":true},"in2DMode":false,"pivot":{"x":190.68890380859376,"y":296.1803283691406,"z":22.61639404296875},"rotation":{"x":-0.07807813584804535,"y":-0.062168627977371219,"z":0.004896230064332485,"w":-0.9950389266014099},"size":319.4579162597656,"orthographic":false}