{"cameraMode":{"drawMode":0,"name":"Shaded","section":"Shading Mode"},"sceneLighting":false,"audioPlay":false,"sceneViewState":{"showFog":true,"showMaterialUpdate":false,"showSkybox":false,"showFlares":true,"showImageEffects":true,"showParticleSystems":true},"in2DMode":false,"pivot":{"x":20.39021873474121,"y":0.4368516206741333,"z":-21.030481338500978},"rotation":{"x":-0.1941785365343094,"y":0.6615458130836487,"z":-0.1833120435476303,"w":-0.7007931470870972},"size":1.8247449398040772,"orthographic":false}