{"cameraMode":{"drawMode":0,"name":"Shaded","section":"Shading Mode"},"sceneLighting":false,"audioPlay":false,"sceneViewState":{"showFog":true,"showMaterialUpdate":false,"showSkybox":false,"showFlares":true,"showImageEffects":true,"showParticleSystems":true},"in2DMode":false,"pivot":{"x":0.026553988456726075,"y":0.31206846237182619,"z":1.2969447374343873},"rotation":{"x":-0.03881601244211197,"y":0.9279076457023621,"z":-0.1008920669555664,"w":-0.35690951347351076},"size":1.0160777568817139,"orthographic":false}