{"cameraMode":{"drawMode":0,"name":"Shaded","section":"Shading Mode"},"sceneLighting":false,"audioPlay":false,"sceneViewState":{"showFog":true,"showMaterialUpdate":false,"showSkybox":false,"showFlares":true,"showImageEffects":true,"showParticleSystems":true},"in2DMode":false,"pivot":{"x":0.0019686222076416017,"y":0.7225174903869629,"z":0.0},"rotation":{"x":-0.08421003818511963,"y":0.00657814834266901,"z":-0.0005428253789432347,"w":-0.996466875076294},"size":1.3160778284072877,"orthographic":false}